{
	"admin/services/bitsrunlogin-go": {
		"title": "BitSrunLogin-Go",
		"order": 15,
		"action": {
			"type": "firstchild"
		},
		"depends": {
			"acl": [ "luci-app-bitsrunlogin-go" ],
			"uci": { "bitsrunlogin-go": true }
		}
	},
	"admin/services/bitsrunlogin-go/config": {
		"title": "Settings",
		"order": 10,
		"action": {
			"type": "view",
			"path": "bitsrunlogin-go/config"
		}
	},
	"admin/services/bitsrunlogin-go/log": {
		"title": "Log",
		"order": 20,
		"action": {
			"type": "view",
			"path": "bitsrunlogin-go/log"
		}
	}
}
