{
	"admin/services/banip": {
		"title": "banIP",
		"order": "60",
		"action": {
			"type": "alias",
			"path": "admin/services/banip/overview"
		},
		"depends": {
			"acl": [ "luci-app-banip" ],
			"fs": {
				"/usr/bin/banip.sh": "executable",
				"/etc/init.d/banip": "executable"
			},
			"uci": { "banip": true }
		}
	},
	"admin/services/banip/overview": {
		"title": "Overview",
		"order": 10,
		"action": {
			"type": "view",
			"path": "banip/overview"
		}
	},
	"admin/services/banip/ipsetreport": {
		"title": "IPSet Report",
		"order": 20,
		"action": {
			"type": "view",
			"path": "banip/ipsetreport"
		}
	},
	"admin/services/banip/blacklist": {
		"title": "Edit Blacklist",
		"order": 30,
		"action": {
			"type": "view",
			"path": "banip/blacklist"
		}
	},
	"admin/services/banip/whitelist": {
		"title": "Edit Whitelist",
		"order": 40,
		"action": {
			"type": "view",
			"path": "banip/whitelist"
		}
	},
	"admin/services/banip/maclist": {
		"title": "Edit Maclist",
		"order": 50,
		"action": {
			"type": "view",
			"path": "banip/maclist"
		}
	},
	"admin/services/banip/logread": {
		"title": "Log View",
		"order": 60,
		"action": {
			"type": "view",
			"path": "banip/logread"
		}
	}
}
